775,Maruti 800 AC
1041,Maruti Wagon R LXI Minor
505,Hyundai Verna 1.6 SX
118,Datsun RediGO T Option
279,Honda Amaze VX i-DTEC
812,Maruti Alto LX BSIII
545,Hyundai Xcent 1.2 Kappa S
1256,Tata Indigo Grand Petrol
390,Hyundai Creta 1.6 VTVT S
834,Maruti Celerio Green VXI
75,Chevrolet Sail 1.2 Base
1354,Toyota Corolla Altis 1.8 VL CVT
861,Maruti Ciaz VXi Plus
496,Hyundai Venue SX Opt Diesel
69,Chevrolet Enjoy TCDi LTZ 7 Seater
610,Jaguar XF 2.2 Litre Luxury
1093,Mercedes-Benz New C-Class 220 CDI AT
1021,Maruti Vitara Brezza ZDi Plus AMT
20,Audi Q5 2.0 TDI
313,Honda City V MT
1334,Tata Tigor 1.2 Revotron XT
12,Audi A6 2.0 TDI  Design Edition
1094,Mercedes-Benz New C-Class C 220 CDI Avantgarde
1197,Skoda Superb Ambition 2.0 TDI CR AT
1360,Toyota Corolla Altis G AT
1398,Toyota Innova 2.5 G (Diesel) 7 Seater
614,Jeep Compass 1.4 Sport Plus BSIV
1084,Mercedes-Benz E-Class E 200 CGI Elegance
557,Hyundai i10 Magna 1.1L
28,BMW 3 Series 320d Sport Line
24,Audi Q7 35 TDI Quattro Premium
407,Hyundai Elantra CRDi S
675,Mahindra Scorpio 1.99 S10
320,Honda City i DTEC V
1049,Maruti Wagon R VXI BS IV with ABS
1048,Maruti Wagon R VXI BS IV
686,Mahindra Scorpio LX
476,Hyundai Santro Xing GLS
432,Hyundai Grand i10 1.2 Kappa Asta
814,Maruti Alto LXi
972,Maruti Swift Dzire VDI Optional
870,Maruti Eeco 5 Seater AC BSIV
606,Hyundai i20 Sportz 1.4 CRDi
923,Maruti Omni Maruti Omni MPI STD BSIII 5-STR W/ IMMOBILISER
1009,Maruti Swift ZDi BSIV
583,Hyundai i20 2015-2017 Sportz Option 1.4 CRDi
647,Mahindra Jeep CL 500 MDI
321,Honda City i DTEC VX
1217,Tata Indica DLS
402,Hyundai EON Magna Plus
1370,Toyota Etios GD
99,Chevrolet Tavera Neo LS B3 - 7(C) seats BSIII
1356,Toyota Corolla Altis Diesel D4DG
677,Mahindra Scorpio 1.99 S6 Plus
1251,Tata Indigo Classic Dicor
1414,Toyota Innova 2.5 V Diesel 8-seater
1235,Tata Indica Vista Quadrajet LS
954,Maruti Swift 1.3 VXi
154,Ford EcoSport 1.5 Diesel Titanium BSIV
848,Maruti Ciaz 1.3 Delta
341,Honda Civic 1.8 V AT
563,Hyundai i10 Sportz 1.2
1185,Skoda Rapid 1.5 TDI Elegance
426,Hyundai Getz GLS
1120,Nissan Terrano XL
447,Hyundai Grand i10 CRDi Sportz
413,Hyundai Elite i20 Diesel Era
270,Honda Amaze S i-VTEC
292,Honda Brio S MT
388,Hyundai Creta 1.6 SX Option
1097,Mercedes-Benz S-Class S 350d Connoisseurs Edition
755,Mahindra XUV500 W8 2WD
1138,Renault Duster 85PS Diesel RxL Optional
487,Hyundai Santro Xing XO
625,Mahindra Bolero 2011-2019 SLE
13,Audi A6 2.0 TDI Premium Plus
121,Fiat Avventura MULTIJET Emotion
16,Audi A8 4.2 TDI
113,Datsun RediGO 1.0 S
1440,Volkswagen Jetta 1.4 TSI Comfortline
5,Audi A4 2.0 TDI 177 Bhp Premium Plus
1088,Mercedes-Benz E-Class Exclusive E 200 BSIV
36,BMW X1 sDrive 20d xLine
1487,Volvo V40 D3 R Design
948,Maruti SX4 Zxi BSIII
33,BMW 7 Series 730Ld
637,Mahindra Bolero Power Plus SLX
492,Hyundai Sonata CRDi M/T
1106,Nissan Micra Active XV Petrol
762,Mahindra Xylo D4
420,Hyundai Elite i20 Sportz Plus Dual Tone BSIV
1154,Renault KWID RXT
767,Mahindra Xylo E4 BS III
947,Maruti SX4 ZXI MT BSIV
375,Hyundai Creta 1.4 CRDi S
971,Maruti Swift Dzire VDI
511,Hyundai Verna 1.6 VTVT AT S Option
687,Mahindra Scorpio LX BSIV
942,Maruti SX4 Vxi BSIII
883,Maruti Ertiga VDI
50,Chevrolet Beat Diesel
1070,Maruti Zen LX
823,Maruti Baleno Delta 1.2
1005,Maruti Swift Vdi BSIII
1283,Tata Nano Lx BSIV
1408,Toyota Innova 2.5 GX (Diesel) 8 Seater
880,Maruti Ertiga SHVS VDI
380,Hyundai Creta 1.6 CRDi SX
271,Honda Amaze S i-Vtech
1228,Tata Indica Vista Aqua 1.4 TDI
92,Chevrolet Tavera Neo 2 LS B4 7 Str BSIII
63,Chevrolet Cruze LTZ
221,Ford Figo Aspire 1.2 Ti-VCT Titanium Plus
155,Ford EcoSport 1.5 Diesel Titanium Plus BSIV
562,Hyundai i10 Sportz 1.1L
782,Maruti 800 Std
85,Chevrolet Spark 1.0 LS
396,Hyundai EON Era Plus
1229,Tata Indica Vista Aqua TDI BSIII
465,Hyundai Santro LP zipPlus
1206,Tata Bolt Quadrajet XE
777,Maruti 800 AC BSIII
600,Hyundai i20 Magna 1.2
566,Hyundai i20 1.2 Asta
858,Maruti Ciaz VDi Plus
595,Hyundai i20 Asta 1.4 CRDi
463,Hyundai Santro LE
1017,Maruti Vitara Brezza VDi
486,Hyundai Santro Xing XL eRLX Euro III
421,Hyundai Getz 1.3 GLS
669,Mahindra Quanto C8
96,Chevrolet Tavera Neo 3 LS 7 C BSIII
1028,Maruti Wagon R DUO LPG
1034,Maruti Wagon R LXI
65,Chevrolet Enjoy 1.3 TCDi LS 8
325,Honda City i VTEC SV
613,Jaguar XJ 5.0 L V8 Supercharged
290,Honda Brio E MT
997,Maruti Swift VVT ZXI
1244,Tata Indigo CR4
550,Hyundai i10 Asta AT
56,Chevrolet Beat LT
993,Maruti Swift VDI BSIV
1133,Renault Duster 110PS Diesel RxZ
479,Hyundai Santro Xing XG
981,Maruti Swift Dzire ZXI Plus
804,Maruti Alto K10 LXI CNG
783,Maruti 800 Std BSII
1280,Tata Nano LX SE
1189,Skoda Rapid 1.6 MPI Ambition With Alloy Wheel
806,Maruti Alto K10 VXI
851,Maruti Ciaz 1.4 Delta
811,Maruti Alto LX
591,Hyundai i20 Asta
1301,Tata Nexon 1.2 Revotron XM
1058,Maruti Zen D
1477,Volkswagen Vento Celeste 1.5 TDI Highline AT
872,Maruti Eeco 7 Seater Standard BSIV
300,Honda City 1.5 EXI
949,Maruti SX4 Zxi with Leather BSIII
233,Ford Figo Diesel Titanium
973,Maruti Swift Dzire VDi
764,Mahindra Xylo E4
898,Maruti Esteem Vxi - BSIII
572,Hyundai i20 1.2 Sportz
52,Chevrolet Beat Diesel LT
64,Chevrolet Cruze LTZ AT
1111,Nissan Micra XL
30,BMW 5 Series 520d Luxury Line
397,Hyundai EON Era Plus Option
136,Fiat Linea T Jet Emotion
1164,Renault Scala RxL
237,Ford Figo Petrol Titanium
865,Maruti Ciaz ZDi SHVS
1184,Skoda Rapid 1.5 TDI Ambition BSIV
751,Mahindra XUV500 W6 2WD
736,Mahindra XUV300 W8 Option
881,Maruti Ertiga SHVS ZDI
1119,Nissan Terrano XE D
933,Maruti S-Cross Facelift
602,Hyundai i20 Magna 1.4 CRDi (Diesel)
1095,Mercedes-Benz New C-Class C 220 CDI BE Avantgare
1436,Volkswagen Ameo 1.5 TDI Highline
920,Maruti Omni LPG CARGO BSIII W IMMOBILISER
536,Hyundai Verna i (Petrol)
672,Mahindra Renault Logan 1.5 DLS
73,Chevrolet Optra Magnum 2.0 LS BSIII
691,Mahindra Scorpio S11 BSIV
585,Hyundai i20 Active 1.2 SX
937,Maruti SX4 Celebration Diesel
448,Hyundai Grand i10 Magna
816,Maruti Alto LXi BSIII
551,Hyundai i10 Era
1413,Toyota Innova 2.5 V Diesel 7-seater
360,Honda Mobilio V i DTEC
1399,Toyota Innova 2.5 G (Diesel) 7 Seater BS IV
1222,Tata Indica V2 2001-2011 DLS BSIII
1238,Tata Indica Vista TDI LS
51,Chevrolet Beat Diesel LS
1341,Tata Zest Quadrajet 1.3 75PS XE
1168,Skoda Fabia 1.2L Diesel Ambiente
1417,Toyota Innova 2.5 VX (Diesel) 8 Seater
429,Hyundai Grand i10 1.2 CRDi Asta
109,Datsun GO Plus T Option Petrol
922,Maruti Omni MPI STD BSIV
820,Maruti Baleno Alpha 1.2
206,Ford Fiesta Classic 1.4 SXI Duratorq
410,Hyundai Elite i20 Asta Option BSIV
446,Hyundai Grand i10 CRDi Magna
474,Hyundai Santro Xing GL Plus
1311,Tata Sumo GX TC 7 Str BSIII
1016,Maruti Vitara Brezza LDi Option
351,Honda Jazz S
581,Hyundai i20 1.4 Sportz
882,Maruti Ertiga SHVS ZDI Plus
1316,Tata Sumo SE Plus BSIII
885,Maruti Ertiga VXI
579,Hyundai i20 1.4 Magna ABS
424,Hyundai Getz GL
1031,Maruti Wagon R LX BS IV
573,Hyundai i20 1.2 Spotz
799,Maruti Alto 800 VXI
592,Hyundai i20 Asta (o)
506,Hyundai Verna 1.6 SX CRDi (O)
760,Mahindra Xylo D2 BSIV
643,Mahindra Bolero SLX 2WD BSIII
886,Maruti Ertiga VXI ABS
286,Honda Brio 1.2 E MT
1376,Toyota Etios Liva G
793,Maruti Alto 800 LXI
958,Maruti Swift Dzire 1.2 Vxi BSIV
704,Mahindra Scorpio VLS AT 2.2 mHAWK
641,Mahindra Bolero SLX
748,Mahindra XUV500 W11 Option AWD
1326,Tata Tiago 1.2 Revotron XZ
665,Mahindra Marazzo M8 8Str
1132,Renault Duster 110PS Diesel RxL
1045,Maruti Wagon R VXI
86,Chevrolet Spark 1.0 LT
819,Maruti Baleno Alpha
392,Hyundai EON 1.0 Kappa Magna Plus
222,Ford Figo Aspire 1.2 Ti-VCT Trend
228,Ford Figo Aspire Facelift
500,Hyundai Verna 1.4 VTVT
76,Chevrolet Sail 1.2 LT ABS
328,Honda City i-DTEC SV
634,Mahindra Bolero Power Plus Plus AC BSIV PS
439,Hyundai Grand i10 1.2 Kappa Sportz Option
828,Maruti Baleno Sigma 1.2
788,Maruti A-Star Vxi
101,Datsun GO A
1200,Skoda Yeti Ambition 4WD
1074,Maruti Zen LXi BSII
519,Hyundai Verna CRDi 1.6 EX
148,Ford Aspire Titanium Diesel BSIV
27,BMW 3 Series 320d Sport
35,BMW X1 sDrive 20d Exclusive
1425,Toyota Innova Crysta 2.4 VX MT
94,Chevrolet Tavera Neo 3 10 Seats BSIV
1099,Mitsubishi Outlander 2.4
821,Maruti Baleno Alpha 1.3
224,Ford Figo Aspire 1.5 TDCi Titanium
190,Ford Endeavour Titanium 4X2
683,Mahindra Scorpio 2.6 Turbo 9 Str
829,Maruti Baleno Vxi
1218,Tata Indica DLX
1220,Tata Indica LSI
1377,Toyota Etios Liva GD
1284,Tata Nano STD
453,Hyundai Grand i10 Sportz
697,Mahindra Scorpio S7 140 BSIV
1464,Volkswagen Polo Petrol Comfortline 1.2L
537,Hyundai Xcent 1.1 CRDi Base
54,Chevrolet Beat Diesel PS
1014,Maruti Swift ZXi BSIV
928,Maruti Ritz VDi
1245,Tata Indigo CS Emax CNG GLX
869,Maruti Eeco 5 STR With AC Plus HTR CNG
899,Maruti Estilo LXI
1003,Maruti Swift VXI with ABS
1342,Tata Zest Quadrajet 1.3 XM
808,Maruti Alto K10 VXI AGS Optional
701,Mahindra Scorpio SLE BSIV
478,Hyundai Santro Xing GLS CNG
230,Ford Figo Diesel Celebration Edition
1156,Renault KWID RXT Optional
1146,Renault KWID 1.0 RXT Optional
1182,Skoda Rapid 1.5 TDI AT Style BSIV
84,Chevrolet Spark 1.0
203,Ford Fiesta 1.6 ZXi Duratec
1267,Tata Manza Aura Quadrajet BS IV
996,Maruti Swift VVT VXI
608,Hyundai i20 Sportz Petrol
1069,Maruti Zen Estilo VXI BSIV
1401,Toyota Innova 2.5 G (Diesel) 8 Seater BS IV
1327,Tata Tiago 1.2 Revotron XZA
1019,Maruti Vitara Brezza ZDi
999,Maruti Swift VXI BSIII
1000,Maruti Swift VXI BSIV
584,Hyundai i20 Active 1.2 S
460,Hyundai Santro GLS I - Euro I
1308,Tata Safari Storme VX
689,Mahindra Scorpio REV 116
102,Datsun GO Plus A
1391,Toyota Fortuner 4x4 MT
170,Ford Ecosport 1.5 DV5 MT Titanium
746,Mahindra XUV500 W11 AT BSIV
713,Mahindra Supro VX 8 Str
184,Ford Endeavour 2.5L 4X2 MT
652,Mahindra KUV 100 D75 K2
982,Maruti Swift Glam
1294,Tata New Safari DICOR 2.2 EX 4x2
289,Honda Brio 1.2 VX MT
81,Chevrolet Sail Hatchback LS ABS
1330,Tata Tiago NRG Petrol
1020,Maruti Vitara Brezza ZDi Plus
459,Hyundai Santro Era
329,Honda City i-DTEC V
501,Hyundai Verna 1.6 CRDI
394,Hyundai EON D Lite Plus
188,Ford Endeavour 4x4 XLT
1446,Volkswagen Jetta 2.0 TDI Trendline
1456,Volkswagen Polo 1.5 TDI Highline
594,Hyundai i20 Asta 1.2
1136,Renault Duster 85PS Diesel RxE
919,Maruti Omni E MPI STD BS IV
293,Honda Brio S Option AT
257,Honda Accord 2.4 MT
212,Ford Figo 1.2P Ambiente MT
1281,Tata Nano Lx
1259,Tata Indigo LS Dicor
1240,Tata Indica Vista Terra 1.4 TDI
1076,Maruti Zen VXI
55,Chevrolet Beat LS
992,Maruti Swift VDI
1024,Maruti Wagon R AMT VXI
718,Mahindra TUV 300 T4 Plus
776,Maruti 800 AC BSII
468,Hyundai Santro Magna BSIV
1343,Tata Zest Revotron 1.2 XT
747,Mahindra XUV500 W11 Option AT AWD
1461,Volkswagen Polo Diesel Trendline 1.2L
516,Hyundai Verna CRDi
1236,Tata Indica Vista Quadrajet LX
1137,Renault Duster 85PS Diesel RxL
552,Hyundai i10 Era 1.1
978,Maruti Swift Dzire ZDI
234,Ford Figo Diesel ZXI
1036,Maruti Wagon R LXI BSIII
990,Maruti Swift Ldi BSIV
1479,Volkswagen Vento Diesel Highline
108,Datsun GO Plus T Option BSIV
809,Maruti Alto K10 VXI Airbag
399,Hyundai EON LPG Magna Plus
631,Mahindra Bolero DI DX 7 Seater
877,Maruti Ertiga BSIV ZXI
282,Honda BR-V i-VTEC S MT
1382,Toyota Etios VD
477,Hyundai Santro Xing GLS Audio LPG
213,Ford Figo 1.2P Titanium MT
122,Fiat Avventura Urban Cross 1.3 Multijet Emotion
160,Ford EcoSport 1.5 TDCi Titanium BSIV
989,Maruti Swift Ldi BSIII
205,Ford Fiesta Classic 1.4 Duratorq CLXI
240,Ford Figo Titanium Diesel BSIV
251,Ford Ikon 1.3L Rocam Flair
142,Fiat Punto 1.3 Emotion
362,Honda WR-V i-DTEC V
1176,Skoda Laura L n K 1.9 PD
924,Maruti Ritz LDi
758,Mahindra Xylo D2
318,Honda City i DTEC S
676,Mahindra Scorpio 1.99 S4
1255,Tata Indigo Grand Dicor
263,Honda Amaze EX i-Dtech
382,Hyundai Creta 1.6 CRDi SX Plus
1371,Toyota Etios GD SP
939,Maruti SX4 S Cross DDiS 320 Delta
1387,Toyota Fortuner 2.8 4WD AT BSIV
857,Maruti Ciaz VDi Option SHVS
708,Mahindra Scorpio VLX 2WD AIRBAG SE BSIV
494,Hyundai Tucson 2.0 e-VGT 2WD MT
612,Jaguar XF 5.0 Litre V8 Petrol
389,Hyundai Creta 1.6 VTVT AT SX Plus
533,Hyundai Verna VTVT 1.6 AT SX Option
1089,Mercedes-Benz GL-Class 350 CDI Blue Efficiency
1012,Maruti Swift ZXI BSIV
935,Maruti S-Cross Zeta DDiS 200 SH
513,Hyundai Verna 1.6 VTVT SX
1463,Volkswagen Polo GTI
1160,Renault Pulse RxL
838,Maruti Celerio VXI AMT BSIV
294,Honda Brio V MT
387,Hyundai Creta 1.6 SX Automatic Diesel
326,Honda City i VTEC V
1423,Toyota Innova Crysta 2.4 GX AT
26,BMW 3 Series 320d Luxury Line
1079,Mercedes-Benz C-Class Progressive C 220d
6,Audi A4 3.0 TDI Quattro
39,BMW X5 xDrive 30d xLine
943,Maruti SX4 Vxi BSIV
434,Hyundai Grand i10 1.2 Kappa Magna AT
449,Hyundai Grand i10 Magna AT
58,Chevrolet Beat LT Option
1389,Toyota Fortuner 4x2 AT
554,Hyundai i10 Magna
462,Hyundai Santro GS
1173,Skoda Laura Ambiente 2.0 TDI CR MT
605,Hyundai i20 Sportz 1.2
901,Maruti Gypsy E MG410W ST
1305,Tata Nexon 1.5 Revotorq XZ
732,Mahindra Verito 1.5 D4 BSIV
90,Chevrolet Tavera LS B3 7 Seats BSII
72,Chevrolet Optra Magnum 2.0 LS
871,Maruti Eeco 5 Seater Standard BSIV
338,Honda Civic 1.8 MT Sport
1213,Tata Hexa XT 4X4
1237,Tata Indica Vista Quadrajet VX
679,Mahindra Scorpio 2.6 CRDe SLE
1065,Maruti Zen Estilo LXI BSIII
962,Maruti Swift Dzire AMT ZXI Plus BS IV
264,Honda Amaze S AT i-Vtech
998,Maruti Swift VXI
670,Mahindra Renault Logan 1.4 GLX Petrol
560,Hyundai i10 Magna LPG
1336,Tata Venture EX
61,Chevrolet Captiva LT
47,Chevrolet Aveo U-VA 1.2 LS
868,Maruti Ciaz Zeta BSIV
1211,Tata Hexa XM
473,Hyundai Santro Xing GL PLUS CNG
726,Mahindra Thar CRDe ABS
801,Maruti Alto K10 2010-2014 VXI
803,Maruti Alto K10 LXI
304,Honda City 1.5 V AT
925,Maruti Ritz LXI
355,Honda Jazz VX
700,Mahindra Scorpio SLE BSIII
1187,Skoda Rapid 1.6 MPI AT Elegance Plus
1279,Tata Nano LX
1061,Maruti Zen Estilo 1.1 VXI BSIII
1033,Maruti Wagon R LX Minor
1178,Skoda Octavia Classic 1.9 TDI MT
955,Maruti Swift AMT VXI
272,Honda Amaze SX i-VTEC
451,Hyundai Grand i10 Nios Magna CRDi
1442,Volkswagen Jetta 1.9 L TDI
540,Hyundai Xcent 1.1 CRDi SX Option
475,Hyundai Santro Xing GL Plus LPG
366,Hyundai Accent Executive
839,Maruti Celerio VXI AT
379,Hyundai Creta 1.6 CRDi AT SX Plus
887,Maruti Ertiga VXI CNG
507,Hyundai Verna 1.6 SX VTVT
438,Hyundai Grand i10 1.2 Kappa Sportz Dual Tone
1381,Toyota Etios V
1486,Volkswagen Vento Petrol Highline AT
1460,Volkswagen Polo Diesel Highline 1.2L
658,Mahindra KUV 100 mFALCON D75 K8
10,Audi A4 New  2.0 TDI Multitronic
1465,Volkswagen Polo Petrol Highline 1.2L
1188,Skoda Rapid 1.6 MPI Active
889,Maruti Ertiga ZDI
1042,Maruti Wagon R Stingray LXI
1196,Skoda Superb 1.8 TSI
1257,Tata Indigo LS
619,Land Rover Discovery Sport TD4 HSE 7S
1312,Tata Sumo GX TC 8 Str
599,Hyundai i20 Magna
521,Hyundai Verna CRDi 1.6 SX Option
1332,Tata Tiago XZA AMT
1427,Toyota Innova Crysta 2.4 VX MT BSIV
440,Hyundai Grand i10 AT Asta
860,Maruti Ciaz VXi
756,Mahindra XUV500 W8 4WD
1158,Renault Lodgy 85PS RxL
696,Mahindra Scorpio S6 Plus 7 Seater
984,Maruti Swift LDI BSIV
582,Hyundai i20 2015-2017 Magna 1.2
1035,Maruti Wagon R LXI BS IV
627,Mahindra Bolero 2011-2019 SLX 2WD BSIII
1431,Toyota Innova Crysta 2.8 ZX AT BSIV
855,Maruti Ciaz VDI SHVS
1219,Tata Indica GLS BS IV
322,Honda City i DTec SV
986,Maruti Swift LXI
1072,Maruti Zen LXI
364,Honda WR-V i-VTEC VX
1386,Toyota Fortuner 2.8 2WD AT BSIV
1428,Toyota Innova Crysta 2.4 ZX MT
1457,Volkswagen Polo 1.5 TDI Trendline
734,Mahindra Verito Vibe 1.5 dCi D4
1483,Volkswagen Vento Magnific 1.6 Highline
963,Maruti Swift Dzire LDI
1296,Tata New Safari DICOR 2.2 GX 4x2
944,Maruti SX4 ZDI
508,Hyundai Verna 1.6 SX VTVT (O)
123,Fiat Grande Punto 1.3 Dynamic (Diesel)
1043,Maruti Wagon R Stingray VXI
1375,Toyota Etios Liva 1.4 VD
546,Hyundai Xcent 1.2 Kappa SX
277,Honda Amaze VX O iDTEC
849,Maruti Ciaz 1.4 AT Zeta
694,Mahindra Scorpio S4 4WD
953,Maruti Swift 1.3 VXI ABS
168,Ford Ecosport 1.0 Ecoboost Titanium Optional
1149,Renault KWID Climber 1.0 AMT BSIV
1153,Renault KWID RXL BSIV
391,Hyundai EON 1.0 Era Plus
1400,Toyota Innova 2.5 G (Diesel) 8 Seater
1405,Toyota Innova 2.5 G4 Diesel 8-seater
655,Mahindra KUV 100 G80 K2
574,Hyundai i20 1.4 Asta Option
1152,Renault KWID RXL
847,Maruti Celerio ZXI Optional AMT BSIV
139,Fiat Palio D 1.9 EL PS
132,Fiat Linea Classic 1.3 Multijet
790,Maruti Alto 800 CNG LXI
976,Maruti Swift Dzire VXi
437,Hyundai Grand i10 1.2 Kappa Sportz BSIV
287,Honda Brio 1.2 S MT
1344,Tata Zest Revotron 1.2T XE
374,Hyundai Creta 1.4 CRDi Base
1091,Mercedes-Benz M-Class ML 350 CDI
1424,Toyota Innova Crysta 2.4 GX MT 8S BSIV
1295,Tata New Safari DICOR 2.2 EX 4x4
664,Mahindra Marazzo M4
1368,Toyota Etios Cross 1.2L G
659,Mahindra KUV 100 mFALCON D75 K8 AW
974,Maruti Swift Dzire VXI
596,Hyundai i20 Asta 1.4 CRDi (Diesel)
1392,Toyota Innova 2.0 GX 8 STR BSIV
1214,Tata Hexa XTA
509,Hyundai Verna 1.6 SX VTVT AT
975,Maruti Swift Dzire VXI 1.2 BS IV
945,Maruti SX4 ZDI Leather
907,Maruti Ignis 1.2 Alpha BSIV
361,Honda Mobilio V i VTEC
422,Hyundai Getz 1.3 GVS
211,Ford Fiesta Titanium 1.5 TDCi
370,Hyundai Accent GLE CNG
1333,Tata Tigor 1.2 Revotron XM
555,Hyundai i10 Magna 1.1
1114,Nissan Sunny Diesel XV
1285,Tata Nano Std
91,Chevrolet Tavera LT L1 7 Seats BSIII
731,Mahindra Verito 1.5 D2 BSIV
393,Hyundai EON D Lite
1406,Toyota Innova 2.5 GX (Diesel) 7 Seater
1126,Nissan Terrano XV Premium 110 PS
1117,Nissan Sunny XV D Premium Leather
626,Mahindra Bolero 2011-2019 SLX
481,Hyundai Santro Xing XG eRLX Euro III
1449,Volkswagen Jetta 2.0L TDI Highline AT
1234,Tata Indica Vista Quadrajet 90 VX
316,Honda City VX MT
1441,Volkswagen Jetta 1.9 Highline TDI
1474,Volkswagen Vento 1.5 TDI Highline Plus AT
1047,Maruti Wagon R VXI AMT1.2BSIV
441,Hyundai Grand i10 Asta
1451,Volkswagen Polo 1.0 MPI Trendline
381,Hyundai Creta 1.6 CRDi SX Option
442,Hyundai Grand i10 Asta Option
956,Maruti Swift DDiS LDI
564,Hyundai i10 Sportz 1.2 AT
1469,Volkswagen Vento 1.5 TDI Comfortline
1180,Skoda Rapid 1.5 TDI AT Ambition
425,Hyundai Getz GLE
688,Mahindra Scorpio M2DI
192,Ford Endeavour XLT TDCi 4X2
19,Audi Q3 35 TDI Quattro Technology
11,Audi A5 Sportback
80,Chevrolet Sail Hatchback 1.3 TCDi LT ABS
365,Hyundai Accent CRDi
34,BMW 7 Series Signature 730Ld
1346,Toyota Camry 2.5 Hybrid
749,Mahindra XUV500 W5 BSIV
737,Mahindra XUV300 W8 Option Diesel BSIV
725,Mahindra Thar CRDe
357,Honda Mobilio E i DTEC
867,Maruti Ciaz ZXi Plus
126,Fiat Grande Punto EVO 1.3 Dynamic
189,Ford Endeavour Hurricane Limited Edition
617,Land Rover Discovery S 2.0 SD4
553,Hyundai i10 Era 1.1 iTech SE
1018,Maruti Vitara Brezza VDi Option
607,Hyundai i20 Sportz Option 1.2
185,Ford Endeavour 3.0L 4X4 AT
464,Hyundai Santro LE zipPlus
378,Hyundai Creta 1.4 EX Diesel
520,Hyundai Verna CRDi 1.6 SX
1260,Tata Indigo LX
1101,Mitsubishi Pajero Sport 4X4
200,Ford Fiesta 1.5 TDCi Titanium
333,Honda City i-VTEC CVT ZX
29,BMW 3 Series GT Luxury Line
822,Maruti Baleno Alpha CVT
580,Hyundai i20 1.4 Magna Executive
830,Maruti Baleno Zeta
314,Honda City VTEC
186,Ford Endeavour 3.2 Titanium AT 4X4
1338,Tata Xenon XT EX 4X2
1124,Nissan Terrano XL Plus 85 PS
169,Ford Ecosport 1.5 DV5 MT Ambiente
1174,Skoda Laura Elegance 1.9 TDI  AT
794,Maruti Alto 800 LXI Airbag
642,Mahindra Bolero SLX 2WD
649,Mahindra Jeep MM 540
1179,Skoda Octavia Elegance 2.0 TDI AT
350,Honda Jazz 1.5 VX i DTEC
336,Honda City i-VTEC ZX
1022,Maruti Vitara Brezza ZDi Plus AMT Dual Tone
835,Maruti Celerio LXI MT BSIV
1130,Renault Captur 1.5 Diesel RXT
7,Audi A4 30 TFSI Technology
276,Honda Amaze VX Diesel BSIV
1353,Toyota Corolla Altis 1.8 VL AT
278,Honda Amaze VX Petrol BSIV
280,Honda Amaze VX i-VTEC
660,Mahindra KUV 100 mFALCON G80 K2
1067,Maruti Zen Estilo Sports
890,Maruti Ertiga ZDI Plus
18,Audi Q3 2.0 TDI Quattro Premium Plus
1345,Tata Zest Revotron 1.2T XMS
22,Audi Q5 2.0 TFSI Quattro Premium Plus
112,Datsun GO T Petrol
646,Mahindra Jeep CJ 500 DI
1161,Renault Pulse RxZ
618,Land Rover Discovery Sport SD4 HSE Luxury
1458,Volkswagen Polo 2015-2019 1.2 MPI Highline
334,Honda City i-VTEC SV
1313,Tata Sumo Gold EX
1216,Tata Indica DLE
311,Honda City S
1096,Mercedes-Benz New C-Class C 220 CDI Grand Edition
1419,Toyota Innova 2.5 VX 8 STR
763,Mahindra Xylo D4 BSIV
1429,Toyota Innova Crysta 2.5 VX BS IV
518,Hyundai Verna CRDi 1.6 AT SX Option
692,Mahindra Scorpio S2 7 Seater
559,Hyundai i10 Magna 1.2 iTech SE
630,Mahindra Bolero DI
488,Hyundai Santro Xing XS
896,Maruti Esteem VX
269,Honda Amaze S i-Dtech
480,Hyundai Santro Xing XG AT
1201,Skoda Yeti Ambition 4X2
1037,Maruti Wagon R LXI CNG
525,Hyundai Verna SX
938,Maruti SX4 Celebration Petrol
588,Hyundai i20 Active S Diesel
273,Honda Amaze V CVT Petrol BSIV
866,Maruti Ciaz ZXi
590,Hyundai i20 Active SX Petrol
1122,Nissan Terrano XL 85 PS
629,Mahindra Bolero B6
699,Mahindra Scorpio SLE BS IV
891,Maruti Ertiga ZXI
1007,Maruti Swift ZDI Plus
1051,Maruti Wagon R VXI BSIII
93,Chevrolet Tavera Neo 2 LT L 9 Str
1233,Tata Indica Vista Aura Plus 1.3 Quadrajet
1139,Renault Duster 85PS Diesel RxL Plus
977,Maruti Swift Dzire Vdi BSIV
1459,Volkswagen Polo Diesel Comfortline 1.2L
903,Maruti Gypsy King Hard Top
1273,Tata Manza Club Class Quadrajet90 VX
1001,Maruti Swift VXI Deca
906,Maruti Ignis 1.2 AMT Delta BSIV
1426,Toyota Innova Crysta 2.4 VX MT 8S BSIV
633,Mahindra Bolero Power Plus LX
950,Maruti Swift 1.2 DLX
657,Mahindra KUV 100 mFALCON D75 K6
1278,Tata Nano Cx BSIV
717,Mahindra TUV 300 T4
1309,Tata Safari Storme VX Varicor 400
825,Maruti Baleno Delta Automatic
589,Hyundai i20 Active S Petrol
1241,Tata Indica Vista Terra Quadrajet 1.3L
1115,Nissan Sunny XL
1480,Volkswagen Vento Diesel Style Limited Edition
42,Chevrolet Aveo 1.4 LS
59,Chevrolet Beat PS
309,Honda City E
1053,Maruti Wagon R VXI Minor ABS
916,Maruti Omni BSIII 8-STR W/ IMMOBILISER
773,Mahindra Xylo H4 ABS
406,Hyundai Elantra CRDi (Leather Option)
1355,Toyota Corolla Altis D-4D J
576,Hyundai i20 1.4 CRDi Era
1225,Tata Indica Vista Aqua 1.3 Quadrajet
535,Hyundai Verna XXi (Petrol)
1030,Maruti Wagon R LX
483,Hyundai Santro Xing XK (Non-AC)
1450,Volkswagen Passat 1.8 TSI MT
232,Ford Figo Diesel LXI
165,Ford EcoSport 1.5 Ti VCT MT Trend BSIV
1362,Toyota Corolla Executive (HE)
244,Ford Freestyle Titanium Diesel BSIV
910,Maruti Ignis 1.2 Zeta BSIV
1372,Toyota Etios Liva 1.2 G
1365,Toyota Corolla H6
1142,Renault Duster RXL AWD
1455,Volkswagen Polo 1.5 TDI Comfortline
231,Ford Figo Diesel EXI
356,Honda Jazz VX CVT
970,Maruti Swift Dzire Tour LDI
785,Maruti 800 Std MPFi
502,Hyundai Verna 1.6 CRDI SX Option
1085,Mercedes-Benz E-Class E250 CDI Blue Efficiency
1366,Toyota Etios 1.4 VXD
668,Mahindra Quanto C6
1471,Volkswagen Vento 1.5 TDI Highline
862,Maruti Ciaz ZDi
1435,Volkswagen Ameo 1.5 TDI Comfortline
1276,Tata Nano CX SE
1266,Tata Manza Aura Quadrajet
918,Maruti Omni E 8 Str STD
71,Chevrolet Optra 1.6 LS
715,Mahindra TUV 300 T10
624,Mahindra Alturas G4 4X2 AT BSIV
1062,Maruti Zen Estilo LX BSIII
1221,Tata Indica LXI
1054,Maruti Wagon R VXI Optional
1317,Tata Sumo Victa CX 7/9 Str BSII
1198,Skoda Superb Elegance 2.0 TDI CR AT
615,Jeep Compass 2.0 Longitude Option BSIV
1215,Tata Indica DL
204,Ford Fiesta 1.6 ZXi Leather
685,Mahindra Scorpio EX
485,Hyundai Santro Xing XL AT eRLX Euro III
729,Mahindra Thar DI 4X4 PS
435,Hyundai Grand i10 1.2 Kappa Magna BSIV
193,Ford Fiesta 1.4 Duratec ZXI
598,Hyundai i20 Asta Option 1.4 CRDi
967,Maruti Swift Dzire LXI
781,Maruti 800 EX
1148,Renault KWID Climber 1.0 AMT
636,Mahindra Bolero Power Plus SLE
548,Hyundai Xcent 1.2 VTVT S
1040,Maruti Wagon R LXI LPG BSIV
1109,Nissan Micra Diesel XV Premium
1073,Maruti Zen LXi - BS III
319,Honda City i DTEC SV
1415,Toyota Innova 2.5 VX (Diesel) 7 Seater
337,Honda Civic 1.8 (E) MT
1060,Maruti Zen Estilo 1.1 LXI BSIII
307,Honda City 1.5 V MT
1274,Tata Manza ELAN Quadrajet BS IV
766,Mahindra Xylo E4 ABS BS IV
363,Honda WR-V i-DTEC VX
1121,Nissan Terrano XL 110 PS
265,Honda Amaze S CVT Petrol
894,Maruti Esteem Lxi
1357,Toyota Corolla Altis Diesel D4DGL
1230,Tata Indica Vista Aura 1.2 Safire
639,Mahindra Bolero SLE
411,Hyundai Elite i20 Asta Option CVT BSIV
377,Hyundai Creta 1.4 E Plus
346,Honda Jazz 1.5 E i DTEC
1205,Tata Aria Pure LX 4x2
248,Ford Freestyle Trend Petrol BSIV
651,Mahindra Jeep MM 775 XDB
430,Hyundai Grand i10 1.2 CRDi Magna
1063,Maruti Zen Estilo LX BSIV
780,Maruti 800 DX
302,Honda City 1.5 GXI
296,Honda CR-V Diesel 4WD
876,Maruti Ertiga BSIV VXI AT
1452,Volkswagen Polo 1.0 TSI Highline Plus
8,Audi A4 35 TDI Premium
539,Hyundai Xcent 1.1 CRDi SX
681,Mahindra Scorpio 2.6 SLX Turbo 7 Seater
167,Ford Ecosport 1.0 Ecoboost Titanium
611,Jaguar XF 3.0 Litre S Premium Luxury
1068,Maruti Zen Estilo VXI BSIII
1394,Toyota Innova 2.5 E 8 STR
575,Hyundai i20 1.4 CRDi Asta
1112,Nissan Micra XL CVT
712,Mahindra Scorpio VLX AT 2WD BSIII
1350,Toyota Corolla AE
452,Hyundai Grand i10 Nios Sportz
97,Chevrolet Tavera Neo 3 LT 9 Seats BSIII
450,Hyundai Grand i10 Nios AMT Magna
512,Hyundai Verna 1.6 VTVT S
1263,Tata Manza Aqua Quadrajet BS IV
1032,Maruti Wagon R LX BSIII
1369,Toyota Etios Cross 1.4L GD
1155,Renault KWID RXT BSIV
100,Daewoo Matiz SD
1212,Tata Hexa XT
354,Honda Jazz V
787,Maruti A-Star Lxi
17,Audi A8 L 3.0 TDI quattro
409,Hyundai Elantra SX
119,Datsun redi-GO AMT 1.0 T Option
1277,Tata Nano Cx BSIII
38,BMW X1 sDrive20d M Sport
67,Chevrolet Enjoy TCDi LT 7 Seater
266,Honda Amaze S Diesel
654,Mahindra KUV 100 D75 K6 Plus
332,Honda City i-VTEC CVT VX
295,Honda Brio VX
622,MG Hector Sharp Diesel MT BSIV
9,Audi A4 35 TDI Premium Plus
1163,Renault Scala Diesel RxL
1171,Skoda Laura Ambiente 1.9 PD
208,Ford Fiesta Diesel Style
1169,Skoda Laura 1.9 TDI MT Ambiente
1416,Toyota Innova 2.5 VX (Diesel) 7 Seater BS IV
1080,Mercedes-Benz E-Class 220 CDI
226,Ford Figo Aspire 1.5 TDCi Trend
1254,Tata Indigo GLX
964,Maruti Swift Dzire LDI Optional
153,Ford EcoSport 1.5 Diesel Ambiente BSIV
1192,Skoda Rapid 1.6 TDI Elegance
578,Hyundai i20 1.4 CRDi Sportz
43,Chevrolet Aveo 1.4 LT BSIV
667,Mahindra Quanto C4
358,Honda Mobilio S i DTEC
454,Hyundai Santa Fe 4WD AT
1265,Tata Manza Aura (ABS) Safire BS IV
146,Force One EX
759,Mahindra Xylo D2 BS IV
467,Hyundai Santro Magna AMT BSIV
1258,Tata Indigo LS BSII
524,Hyundai Verna CRDi SX ABS
1297,Tata New Safari DICOR 2.2 GX 4x2 BS IV
1231,Tata Indica Vista Aura 1.3 Quadrajet
635,Mahindra Bolero Power Plus Plus Non AC BSIV PS
707,Mahindra Scorpio VLX 2WD AIRBAG BSIV
1421,Toyota Innova 2.5 Z Diesel 7 Seater BS IV
288,Honda Brio 1.2 S Option MT
471,Hyundai Santro Sportz BSIV
133,Fiat Linea Dynamic
792,Maruti Alto 800 LX
940,Maruti SX4 S Cross DDiS 320 Zeta
648,Mahindra Jeep Classic
682,Mahindra Scorpio 2.6 Turbo 7 Str
1407,Toyota Innova 2.5 GX (Diesel) 7 Seater BS IV
236,Ford Figo Petrol LXI
1011,Maruti Swift ZXI ABS
750,Mahindra XUV500 W6 1.99 mHawk
802,Maruti Alto K10 LX
1044,Maruti Wagon R VX
1224,Tata Indica Vista Aqua 1.2 Safire BSIV
339,Honda Civic 1.8 S AT
666,Mahindra NuvoSport N8
530,Hyundai Verna Transform CRDi VGT SX ABS
1484,Volkswagen Vento New Diesel Highline
936,Maruti S-Presso VXI Plus
340,Honda Civic 1.8 S MT
1374,Toyota Etios Liva 1.2 VX
1433,Toyota Yaris G
987,Maruti Swift LXI Option
863,Maruti Ciaz ZDi Plus
850,Maruti Ciaz 1.4 Alpha
1361,Toyota Corolla Altis GL MT
895,Maruti Esteem Lxi - BSIII
1478,Volkswagen Vento Diesel Comfortline
946,Maruti SX4 ZXI AT
961,Maruti Swift Dzire AMT ZXI
721,Mahindra TUV 300 T8 AMT
249,Ford Fusion 1.6 Duratec Petrol
335,Honda City i-VTEC VX
897,Maruti Esteem Vxi
510,Hyundai Verna 1.6 VTVT
1318,Tata Sumo Victa EX 7/9 Str BSII
78,Chevrolet Sail Hatchback 1.2 LS
638,Mahindra Bolero Power Plus ZLX
116,Datsun RediGO S
1166,Skoda Fabia 1.2 MPI Ambition Plus
1143,Renault Fluence 1.5
1038,Maruti Wagon R LXI DUO BS IV
714,Mahindra TUV 300 Plus P4
1445,Volkswagen Jetta 2.0 TDI Comfortline
985,Maruti Swift LDI Optional
941,Maruti SX4 VDI
41,Chevrolet Aveo 1.4 CNG
414,Hyundai Elite i20 Magna Plus BSIV
724,Mahindra Thar 4X4
401,Hyundai EON Magna Optional
913,Maruti Omni 5 Str STD LPG
779,Maruti 800 DUO AC LPG
1422,Toyota Innova Crysta 2.4 G MT BSIV
373,Hyundai Accent GLX
994,Maruti Swift VDI Optional
484,Hyundai Santro Xing XK eRLX EuroIII
831,Maruti Baleno Zeta 1.2
243,Ford Freestyle Titanium Diesel
239,Ford Figo Titanium
173,Ford Ecosport 1.5 Diesel Titanium
218,Ford Figo 1.5D Titanium Opt MT
1383,Toyota Etios VX
371,Hyundai Accent GLS
911,Maruti Ignis 1.3 Delta
1248,Tata Indigo CS LX (TDI) BS-III
807,Maruti Alto K10 VXI AGS
1102,Nissan Evalia XV
431,Hyundai Grand i10 1.2 CRDi Sportz Option
653,Mahindra KUV 100 D75 K4 Plus 5Str
528,Hyundai Verna SX Diesel
308,Honda City Corporate Edition
395,Hyundai EON Era
114,Datsun RediGO 1.0 T Option
813,Maruti Alto LXI
558,Hyundai i10 Magna 1.2
1131,Renault Captur 1.5 Diesel RXT Mono
761,Mahindra Xylo D2 Maxx
147,Ford Aspire Titanium BSIV
163,Ford EcoSport 1.5 Ti VCT MT Titanium BE BSIV
178,Ford Ecosport 1.5 Petrol Trend
162,Ford EcoSport 1.5 TDCi Titanium Plus BSIV
242,Ford Freestyle Titanium
181,Ford Ecosport Thunder Edition Diesel
245,Ford Freestyle Titanium Plus
693,Mahindra Scorpio S2 9 Seater
703,Mahindra Scorpio VLS 2.2 mHawk
258,Honda Accord VTi-L (MT)
1246,Tata Indigo CS LE (TDI) BS-III
1438,Volkswagen Ameo 1.5 TDI Highline Plus 16
176,Ford Ecosport 1.5 Petrol Titanium Plus
739,Mahindra XUV500 AT W10 AWD
744,Mahindra XUV500 W10 2WD
959,Maruti Swift Dzire AMT VDI
1292,Tata New Safari 4X4
527,Hyundai Verna SX CRDi AT
1157,Renault Koleos 2.0 Diesel
1039,Maruti Wagon R LXI DUO BSIII
255,Ford Ikon 1.8 D
1092,Mercedes-Benz New C-Class 200 CDI Classic
879,Maruti Ertiga SHVS LDI Option
1264,Tata Manza Aura (ABS) Quadrajet BS IV
1056,Maruti Wagon R VXi BSII
199,Ford Fiesta 1.5 TDCi Ambiente
1144,Renault KWID 1.0
690,Mahindra Scorpio S10 7 Seater
66,Chevrolet Enjoy TCDi LS 8 Seater
1239,Tata Indica Vista TDI LX
125,Fiat Grande Punto EVO 1.3 Active
1100,Mitsubishi Pajero 2.8 SFX BSIV Dual Tone
680,Mahindra Scorpio 2.6 SLX CRDe
1002,Maruti Swift VXI Optional
728,Mahindra Thar DI 4X2
930,Maruti Ritz VXi
1303,Tata Nexon 1.2 Revotron XZ Plus Dual Tone
1402,Toyota Innova 2.5 G1 BSIV
1015,Maruti Vitara Brezza LDi
529,Hyundai Verna Transform CRDi VGT ABS
246,Ford Freestyle Titanium Plus Diesel
220,Ford Figo 1.5P Titanium AT
217,Ford Figo 1.5D Titanium MT
1181,Skoda Rapid 1.5 TDI AT Ambition BSIV
1268,Tata Manza Aura Safire
979,Maruti Swift Dzire ZXI
640,Mahindra Bolero SLE BSIII
534,Hyundai Verna VTVT 1.6 SX
140,Fiat Punto 1.2 Active
815,Maruti Alto LXi BSII
301,Honda City 1.5 EXI S
261,Honda Amaze E i-VTEC
1307,Tata Safari Storme EX
1434,Volkswagen Ameo 1.2 MPI Trendline
514,Hyundai Verna 1.6 Xi ABS
44,Chevrolet Aveo 1.6 LT
632,Mahindra Bolero DI DX 8 Seater
499,Hyundai Verna 1.4 EX
238,Ford Figo Petrol ZXI
1210,Tata Harrier XZ BSIV
662,Mahindra KUV 100 mFALCON G80 K8 5str
561,Hyundai i10 Sportz
908,Maruti Ignis 1.2 Delta BSIV
1352,Toyota Corolla Altis 1.8 J
1271,Tata Manza Club Class Quadrajet90 LS
1052,Maruti Wagon R VXI Minor
368,Hyundai Accent GLE
1393,Toyota Innova 2.0 VX 7 Seater
791,Maruti Alto 800 CNG LXI Optional
926,Maruti Ritz LXi
45,Chevrolet Aveo 1.6 LT with ABS
1203,Tata Altroz XZ
1466,Volkswagen Polo SR Petrol 1.2L
1195,Skoda Superb 1.8 TFSI MT
1328,Tata Tiago 2019-2020 XE Diesel
1319,Tata Tiago 1.05 Revotorq XE
466,Hyundai Santro LS zipPlus
740,Mahindra XUV500 AT W10 FWD
711,Mahindra Scorpio VLX 2WD BSIV
705,Mahindra Scorpio VLX 2.2 mHawk Airbag BSIV
522,Hyundai Verna CRDi ABS
1081,Mercedes-Benz E-Class 230
915,Maruti Omni 8 Seater BSIV
198,Ford Fiesta 1.4 ZXi TDCi ABS
1300,Tata New Safari Dicor EX 4X2 BS IV
752,Mahindra XUV500 W7
824,Maruti Baleno Delta 1.3
1288,Tata Nano Twist XT
1026,Maruti Wagon R AX
702,Mahindra Scorpio SLX 2.6 Turbo 8 Str
1321,Tata Tiago 1.05 Revotorq XT Option
418,Hyundai Elite i20 Sportz Plus BSIV
291,Honda Brio Exclusive Edition
531,Hyundai Verna Transform SX VTVT
980,Maruti Swift Dzire ZXI 1.2 BS IV
995,Maruti Swift VDi BSIII W/ ABS
369,Hyundai Accent GLE 1
428,Hyundai Getz GLX
175,Ford Ecosport 1.5 Petrol Ambiente
283,Honda BR-V i-VTEC VX MT
1250,Tata Indigo CS eLX BS IV
875,Maruti Ertiga 1.5 VDI
609,Isuzu D-Max V-Cross Standard
1104,Nissan Kicks XV Premium D BSIV
789,Maruti Alto 800 Base
1437,Volkswagen Ameo 1.5 TDI Highline 16 Alloy
457,Hyundai Santro AT CNG
180,Ford Ecosport Sports Petrol
495,Hyundai Tucson CRDi
1262,Tata Indigo TDI
1110,Nissan Micra Diesel XV Primo
1315,Tata Sumo LX
843,Maruti Celerio ZXI
1129,OpelCorsa 1.6Gls
98,Chevrolet Tavera Neo 3 Max 9 Str BSIII
706,Mahindra Scorpio VLX 2WD ABS AT BSIII
106,Datsun GO Plus T BSIV
472,Hyundai Santro Xing GL
49,Chevrolet Aveo U-VA 1.2 LT WO ABS Airbag
281,Honda BR-V i-DTEC VX MT
82,Chevrolet Sail Hatchback LT ABS
298,Honda City 1.3 EXI
423,Hyundai Getz 1.5 CRDi GVS
1159,Renault Lodgy Stepway 85PS RXZ 8S
1367,Toyota Etios 1.5 V
103,Datsun GO Plus A Option Petrol
1323,Tata Tiago 1.2 Revotron XE
1113,Nissan Sunny Diesel XL
742,Mahindra XUV500 AT W8 FWD
470,Hyundai Santro Sportz AMT
1107,Nissan Micra Active XV S
1086,Mercedes-Benz E-Class E250 CDI Elegance
23,Audi Q5 3.0 TDI Quattro Technology
105,Datsun GO Plus T
1348,Toyota Camry Hybrid 2.5
1448,Volkswagen Jetta 2.0L TDI Highline
663,Mahindra Marazzo M2 8Str
171,Ford Ecosport 1.5 DV5 MT Titanium Optional
846,Maruti Celerio ZXI MT BSIV
285,Honda BRV i-VTEC V MT
912,Maruti Omni 5 Str STD
593,Hyundai i20 Asta (o) 1.4 CRDi (Diesel)
914,Maruti Omni 8 Seater BSII
1078,Mercedes-Benz B Class B180 Sports
1379,Toyota Etios Liva VD
1473,Volkswagen Vento 1.5 TDI Highline BSIV
1150,Renault KWID Climber 1.0 MT Opt BSIV
458,Hyundai Santro Asta
229,Ford Figo Aspire Titanium Plus Diesel
1162,Renault Pulse RxZ Optional
1123,Nissan Terrano XL P
1272,Tata Manza Club Class Quadrajet90 LX
1349,Toyota Camry M/t
1140,Renault Duster 85PS Diesel RxZ
1013,Maruti Swift ZXI Plus
1364,Toyota Corolla H3
1306,Tata Safari DICOR 2.2 EX 4x2
1029,Maruti Wagon R Duo Lxi
628,Mahindra Bolero B4
837,Maruti Celerio VXI
53,Chevrolet Beat Diesel LT Option
874,Maruti Eeco Smiles 5 Seater AC
461,Hyundai Santro GLS I - Euro II
89,Chevrolet Spark 1.0 PS
1008,Maruti Swift ZDi
1395,Toyota Innova 2.5 E Diesel MS 7-seater
678,Mahindra Scorpio 2.6 CRDe
353,Honda Jazz Select Edition Active
586,Hyundai i20 Active 1.4 SX
720,Mahindra TUV 300 T8
1373,Toyota Etios Liva 1.2 V
1411,Toyota Innova 2.5 GX 7 STR BSIV
603,Hyundai i20 Magna Optional 1.2
303,Honda City 1.5 S MT
260,Honda Amaze E i-Dtech
969,Maruti Swift Dzire LXi
376,Hyundai Creta 1.4 CRDi S Plus
348,Honda Jazz 1.5 SV i DTEC
674,Mahindra Renault Logan 1.6 Petrol GLSX
818,Maruti Alto VXi
743,Mahindra XUV500 W10 1.99 mHawk
769,Mahindra Xylo E8
120,Fiat 500 Lounge
1165,Renault Triber RXT BSIV
1293,Tata New Safari 4X4 EX
722,Mahindra TUV 300 mHAWK100 T8
1202,Tata Altroz XE
1057,Maruti Wagon R ZXI 1.2
541,Hyundai Xcent 1.2 CRDi E
800,Maruti Alto Green LXi (CNG)
569,Hyundai i20 1.2 Era
253,Ford Ikon 1.4 ZXi
1077,Maruti Zen VXi - BS III
74,Chevrolet Optra Magnum 2.0 LT
884,Maruti Ertiga VDI Limited Edition
661,Mahindra KUV 100 mFALCON G80 K2 Plus
1098,Mitsubishi Montero 3.2 MT
1226,Tata Indica Vista Aqua 1.3 Quadrajet ABS BSIV
604,Hyundai i20 Magna Optional 1.4 CRDi
187,Ford Endeavour 4x2 XLT
404,Hyundai EON Sportz
988,Maruti Swift LXi BSIV
1075,Maruti Zen VX
921,Maruti Omni LPG STD BSIV
1059,Maruti Zen D PS
130,Fiat Linea 1.3 Multijet Emotion
150,Ford Aspire Titanium Plus Diesel BSIV
149,Ford Aspire Titanium Plus BSIV
247,Ford Freestyle Titanium Plus Diesel BSIV
345,Honda Jazz 1.2 VX i VTEC
48,Chevrolet Aveo U-VA 1.2 LT
1302,Tata Nexon 1.2 Revotron XZ Plus
62,Chevrolet Cruze LT
1335,Tata Tigor 1.2 Revotron XZ Option
37,BMW X1 sDrive20d
415,Hyundai Elite i20 Magna Plus Diesel
158,Ford EcoSport 1.5 Petrol Titanium BSIV
124,Fiat Grande Punto Active (Diesel)
166,Ford Ecosport 1.0 Ecoboost Platinum Edition BSIV
1329,Tata Tiago 2019-2020 XZ
1010,Maruti Swift ZXI
1453,Volkswagen Polo 1.2 MPI Comfortline
209,Ford Fiesta Diesel Trend
299,Honda City 1.5 E MT
832,Maruti Baleno Zeta 1.3
650,Mahindra Jeep MM 550 XDB
817,Maruti Alto STD
836,Maruti Celerio VDi
587,Hyundai i20 Active 1.4 SX with AVN
577,Hyundai i20 1.4 CRDi Magna
765,Mahindra Xylo E4 8S
210,Ford Fiesta Petrol Trend
544,Hyundai Xcent 1.2 Kappa Base
70,Chevrolet Optra 1.6
254,Ford Ikon 1.6 ZXI NXt
250,Ford Ikon 1.3 Flair
965,Maruti Swift Dzire LDIX Limited Edition
951,Maruti Swift 1.3 DLX
1299,Tata New Safari DICOR 2.2 VX 4x4
1145,Renault KWID 1.0 RXL
1420,Toyota Innova 2.5 VX 8 STR BSIV
141,Fiat Punto 1.3 Active
547,Hyundai Xcent 1.2 VTVT E Plus
21,Audi Q5 2.0 TFSI Quattro
1190,Skoda Rapid 1.6 MPI Elegance
784,Maruti 800 Std BSIII
1410,Toyota Innova 2.5 GX 7 STR
695,Mahindra Scorpio S5 BSIV
1147,Renault KWID AMT
1390,Toyota Fortuner 4x2 Manual
719,Mahindra TUV 300 T6 Plus
408,Hyundai Elantra CRDi SX
305,Honda City 1.5 V AT Exclusive
1430,Toyota Innova Crysta 2.8 GX AT BSIV
1261,Tata Indigo LX Dicor
570,Hyundai i20 1.2 Magna
1325,Tata Tiago 1.2 Revotron XTA
177,Ford Ecosport 1.5 Petrol Titanium Plus AT
909,Maruti Ignis 1.2 Sigma BSIV
1269,Tata Manza Aura Safire BS IV
1358,Toyota Corolla Altis Diesel D4DJ
469,Hyundai Santro Magna CNG BSIV
134,Fiat Linea Emotion
1064,Maruti Zen Estilo LXI BS IV
841,Maruti Celerio X ZXI BSIV
219,Ford Figo 1.5D Trend MT
259,Honda Amaze E i-DTEC
805,Maruti Alto K10 LXI CNG Optional
523,Hyundai Verna CRDi SX
957,Maruti Swift DDiS VDI
1191,Skoda Rapid 1.6 TDI Ambition
491,Hyundai Sonata AT Leather
490,Hyundai Sonata 2.4L AT
1127,Nissan X-Trail SLX MT
770,Mahindra Xylo E8 ABS Airbag BSIV
1253,Tata Indigo GLS
1108,Nissan Micra Diesel XV
445,Hyundai Grand i10 CRDi Asta Option
798,Maruti Alto 800 Std Optional
427,Hyundai Getz GLS ABS
1103,Nissan Kicks XL D BSIV
927,Maruti Ritz VDI (ABS) BS IV
1286,Tata Nano Std BSII
416,Hyundai Elite i20 Petrol Asta Option
1404,Toyota Innova 2.5 G4 Diesel 7-seater
845,Maruti Celerio ZXI AT
1490,Volvo XC60 D5 Inscription
1025,Maruti Wagon R AMT VXI Option
1,Ambassador Classic 2000 Dsz
854,Maruti Ciaz Sigma BSIV
88,Chevrolet Spark 1.0 LT Option Pack w/ Airbag
129,Fiat Linea 1.3 Emotion
214,Ford Figo 1.2P Titanium Plus MT
433,Hyundai Grand i10 1.2 Kappa Era
1467,Volkswagen Vento 1.0 TSI Highline Plus
152,Ford Classic 1.6 Duratec LXI
504,Hyundai Verna 1.6 CRDi SX
892,Maruti Ertiga ZXI AT Petrol
31,BMW 5 Series 525d Sedan
317,Honda City i DTEC E
384,Hyundai Creta 1.6 Gamma SX Plus
412,Hyundai Elite i20 Diesel Asta Option
931,Maruti S-Cross Alpha DDiS 200 SH
1232,Tata Indica Vista Aura 1.3 Quadrajet BSIV
1470,Volkswagen Vento 1.5 TDI Comfortline AT
419,Hyundai Elite i20 Sportz Plus CVT BSIV
1482,Volkswagen Vento IPL II Diesel Trendline
1004,Maruti Swift VXi BSIV
1167,Skoda Fabia 1.2 TDI Active
1359,Toyota Corolla Altis G
202,Ford Fiesta 1.6 Duratec S
1055,Maruti Wagon R VXI Plus Optional
1066,Maruti Zen Estilo LXI Green (CNG)
1207,Tata Bolt Revotron XE
1194,Skoda Rapid Monte Carlo 1.6 MPI AT BSIV
1291,Tata New Safari 4X2
1141,Renault Duster Petrol RxL
917,Maruti Omni CNG
1243,Tata Indica Vista Terra TDI BSIII
359,Honda Mobilio S i VTEC
1151,Renault KWID RXE
616,Kia Seltos HTK Plus AT D
873,Maruti Eeco CNG 5 Seater AC BSIV
864,Maruti Ciaz ZDi Plus SHVS
671,Mahindra Renault Logan 1.5 DLE Diesel
252,Ford Ikon 1.4 TDCi DuraTorq
1331,Tata Tiago XT
191,Ford Endeavour Titanium Plus 4X4
312,Honda City V AT
324,Honda City i VTEC S
179,Ford Ecosport 1.5 Ti VCT AT Titanium
1447,Volkswagen Jetta 2.0L TDI Comfortline
197,Ford Fiesta 1.4 ZXi Leather
14,Audi A6 2.7 TDI
1050,Maruti Wagon R VXI BSII
1027,Maruti Wagon R CNG LXI
344,Honda Jazz 1.2 V i VTEC
859,Maruti Ciaz VDi Plus SHVS
4,Audi A4 2.0 TDI
1023,Maruti Vitara Brezza ZDi Plus Dual Tone
929,Maruti Ritz VXI
372,Hyundai Accent GLS 1.6 ABS
684,Mahindra Scorpio BSIV
40,Chevrolet Aveo 1.4
1454,Volkswagen Polo 1.2 MPI Highline
32,BMW 5 Series 530i
932,Maruti S-Cross Delta DDiS 200 SH
1481,Volkswagen Vento Diesel Trendline
966,Maruti Swift Dzire LDi
1170,Skoda Laura Ambiente
842,Maruti Celerio ZDi
201,Ford Fiesta 1.6 Duratec EXI Ltd
482,Hyundai Santro Xing XK
104,Datsun GO Plus Remix Limited Edition
1403,Toyota Innova 2.5 G3
549,Hyundai Xcent 1.2 VTVT S AT
400,Hyundai EON Magna
795,Maruti Alto 800 LXI CNG
1476,Volkswagen Vento 1.6 Highline
1287,Tata Nano Twist XE
223,Ford Figo Aspire 1.5 TDCi Ambiente ABS
1128,OpelCorsa 1.4 GL
754,Mahindra XUV500 W7 BSIV
852,Maruti Ciaz 1.4 Zeta
1409,Toyota Innova 2.5 GX (Diesel) 8 Seater BS IV
1275,Tata Nano CX
1320,Tata Tiago 1.05 Revotorq XM
1340,Tata Zest Quadrajet 1.3
235,Ford Figo Petrol EXI
268,Honda Amaze S i-DTEC
79,Chevrolet Sail Hatchback 1.3 TCDi
417,Hyundai Elite i20 Petrol Magna Exective
68,Chevrolet Enjoy TCDi LT 8 Seater
1046,Maruti Wagon R VXI AMT
241,Ford Figo Trend
493,Hyundai Tucson 2.0 e-VGT 2WD AT GL
567,Hyundai i20 1.2 Asta Dual Tone
117,Datsun RediGO SV 1.0
110,Datsun GO T BSIV
60,Chevrolet Captiva 2.0L VCDi
1290,Tata New Safari 3L Dicor LX 4x2
444,Hyundai Grand i10 CRDi Asta
284,Honda BRV i-DTEC V MT
1388,Toyota Fortuner 3.0 Diesel
730,Mahindra Verito 1.5 D2 BSIII
515,Hyundai Verna 1.6 i ABS
1489,Volvo XC60 D3 Kinetic
597,Hyundai i20 Asta Option 1.2
1339,Tata Xenon XT EX 4X4
1485,Volkswagen Vento Petrol Highline
57,Chevrolet Beat LT LPG
856,Maruti Ciaz VDi
111,Datsun GO T Option BSIV
1087,Mercedes-Benz E-Class E250 Edition E
526,Hyundai Verna SX AT Diesel
738,Mahindra XUV500 AT W10 1.99 mHawk
1252,Tata Indigo GLE BSIII
952,Maruti Swift 1.3 LXI
405,Hyundai Elantra 2.0 SX AT
934,Maruti S-Cross Sigma DDiS 200 SH
83,Chevrolet Sail LS ABS
306,Honda City 1.5 V Elegance
900,Maruti Grand Vitara MT
1270,Tata Manza Club Class Quadrajet90 EX
1322,Tata Tiago 1.05 Revotorq XZ Plus
137,Fiat Linea T Jet Plus
342,Honda Civic 1.8 V MT
436,Hyundai Grand i10 1.2 Kappa Sportz AT
497,Hyundai Venue SX Opt Turbo BSIV
216,Ford Figo 1.5D Ambiente ABS MT
1135,Renault Duster 110PS Diesel RxZ Plus
227,Ford Figo Aspire 1.5 Ti-VCT Titanium
853,Maruti Ciaz S 1.3
645,Mahindra Ingenio CRDe
1468,Volkswagen Vento 1.5 Highline Plus AT 16 Alloy
1351,Toyota Corolla Altis 1.8 GL
3,Audi A4 1.8 TFSI
1397,Toyota Innova 2.5 EV Diesel PS 7 Seater BSIII
2,Ambassador Grand 1800 ISZ MPFI PW CL
1172,Skoda Laura Ambiente 2.0 TDI CR AT
757,Mahindra Xylo Celebration Edition BSIV
1439,Volkswagen CrossPolo 1.2 MPI
888,Maruti Ertiga VXI Petrol
538,Hyundai Xcent 1.1 CRDi S
571,Hyundai i20 1.2 Magna Executive
991,Maruti Swift Star VDI
556,Hyundai i10 Magna 1.1 iTech SE
1175,Skoda Laura Elegance 2.0 TDI CR AT
156,Ford EcoSport 1.5 Diesel Trend BSIV
844,Maruti Celerio ZXI AMT BSIV
403,Hyundai EON Magna Plus Option
1324,Tata Tiago 1.2 Revotron XT
443,Hyundai Grand i10 Asta Option AT
183,Ford Endeavour 2.5L 4X2
905,Maruti Ignis 1.2 AMT Alpha BSIV
1304,Tata Nexon 1.5 Revotorq XM
196,Ford Fiesta 1.4 ZXi Duratec
893,Maruti Esteem AX
274,Honda Amaze V Diesel BSIV
1183,Skoda Rapid 1.5 TDI Ambition
1227,Tata Indica Vista Aqua 1.3 Quadrajet BSIV
385,Hyundai Creta 1.6 SX
565,Hyundai i10 Sportz AT
644,Mahindra Bolero SLX 4WD BSIII
698,Mahindra Scorpio S9 BSIV
297,Honda City 1.3 DX
1282,Tata Nano Lx BSIII
778,Maruti 800 AC Uniq
709,Mahindra Scorpio VLX 2WD AT BSIV
621,Land Rover Range Rover Evoque 2.2L Dynamic
1310,Tata Spacio SA 6 Seater
498,Hyundai Verna 1.4 CRDi
1082,Mercedes-Benz E-Class 280 CDI
1006,Maruti Swift ZDI
1105,Nissan Micra Active XV
131,Fiat Linea Active (Diesel)
143,Fiat Punto 1.4 Emotion
157,Ford EcoSport 1.5 Diesel Trend Plus BSIV
1134,Renault Duster 110PS Diesel RxZ AWD
532,Hyundai Verna Transform VTVT
904,Maruti Gypsy King Hard Top Ambulance BSIV
194,Ford Fiesta 1.4 SXi TDCi
833,Maruti Baleno Zeta Automatic
1242,Tata Indica Vista Terra Quadrajet 1.3L BS IV
1384,Toyota Etios VXD
771,Mahindra Xylo E9
1380,Toyota Etios Liva VX
772,Mahindra Xylo H4
151,Ford Classic 1.4 Duratorq LXI
46,Chevrolet Aveo U-VA 1.2
347,Honda Jazz 1.5 S i DTEC
1412,Toyota Innova 2.5 GX 8 STR BSIV
1298,Tata New Safari DICOR 2.2 VX 4x2
127,Fiat Grande Punto EVO 90HP 1.3 Sport
128,Fiat Grande Punto Emotion 90Hp
207,Ford Fiesta Classic 1.6 Duratec CLXI
1314,Tata Sumo Gold EX BSIII
786,Maruti A-Star AT VXI
1125,Nissan Terrano XL Plus ICC WT20 SE
367,Hyundai Accent Executive CNG
383,Hyundai Creta 1.6 E Plus
15,Audi A6 2.8 FSI
542,Hyundai Xcent 1.2 CRDi S
455,Hyundai Santa Fe 4X4
262,Honda Amaze E i-Vtech
723,Mahindra Thar 4X2
968,Maruti Swift Dzire LXI Option
568,Hyundai i20 1.2 Asta Option
827,Maruti Baleno RS 1.0 Petrol
1199,Skoda Superb LK 1.8 TSI AT
1443,Volkswagen Jetta 1.9 TDI Comfortline DSG
1472,Volkswagen Vento 1.5 TDI Highline AT
275,Honda Amaze VX AT i-Vtech
826,Maruti Baleno Delta Diesel
1337,Tata Winger Deluxe - Hi Roof (AC)
115,Datsun RediGO AMT 1.0 S
1116,Nissan Sunny XL D
352,Honda Jazz Select Edition
960,Maruti Swift Dzire AMT VXI
386,Hyundai Creta 1.6 SX Automatic
1083,Mercedes-Benz E-Class 280 CDI Elegance
25,Audi RS7 2015-2019 Sportback Performance
623,MG Hector Smart AT
620,Land Rover Range Rover 4.4 Diesel LWB Vogue SE
315,Honda City VX CVT
1462,Volkswagen Polo GT 1.0 TSI
1208,Tata Bolt Revotron XM
107,Datsun GO Plus T Option
741,Mahindra XUV500 AT W6 2WD
398,Hyundai EON Era Plus Sports Edition
1186,Skoda Rapid 1.6 MPI AT Ambition BSIV
0,Ambassador CLASSIC 1500 DSL AC
902,Maruti Gypsy King HT BSIV
1396,Toyota Innova 2.5 EV Diesel MS 7 Str BSIII
673,Mahindra Renault Logan 1.5 DLX Diesel
1204,Tata Aria Pleasure 4x2
331,Honda City i-DTEC ZX
327,Honda City i VTEC VX
349,Honda Jazz 1.5 V i DTEC
164,Ford EcoSport 1.5 Ti VCT MT Titanium BSIV
1249,Tata Indigo CS eLS BS IV
195,Ford Fiesta 1.4 SXi TDCi ABS
774,Mahindra Xylo H8 ABS with Airbags
1193,Skoda Rapid 1.6 TDI PRESTIGE
1090,Mercedes-Benz GLS 2016-2020 350d 4MATIC
768,Mahindra Xylo E6
138,Fiat Palio 1.2 Sport
144,Fiat Punto EVO 1.3 Dynamic
1444,Volkswagen Jetta 1.9 TDI Trendline
1363,Toyota Corolla H2
1071,Maruti Zen LX - BS III
840,Maruti Celerio VXI Optional
797,Maruti Alto 800 LXI Optional
796,Maruti Alto 800 LXI Opt BSIV
1475,Volkswagen Vento 1.5 TDI Highline Plus AT BSIV
810,Maruti Alto K10 VXI Optional
1488,Volvo XC 90 D5 Inscription BSIV
716,Mahindra TUV 300 T10 Dual Tone
343,Honda Jazz 1.2 S i VTEC
753,Mahindra XUV500 W7 AT BSIV
727,Mahindra Thar CRDe AC
503,Hyundai Verna 1.6 CRDi AT SX
1378,Toyota Etios Liva GD SP
735,Mahindra Verito Vibe 1.5 dCi D6
159,Ford EcoSport 1.5 Petrol Titanium Plus AT BSIV
1209,Tata Harrier XE
543,Hyundai Xcent 1.2 CRDi SX
135,Fiat Linea Emotion (Diesel)
77,Chevrolet Sail 1.3 LS
1347,Toyota Camry Hybrid
1177,Skoda Octavia Ambiente 1.9 TDI MT
310,Honda City Edge Edition Diesel SV
172,Ford Ecosport 1.5 DV5 MT Trend
95,Chevrolet Tavera Neo 3 9 Str BSIII
256,Honda Accord 2.4 AT
878,Maruti Ertiga SHVS LDI
174,Ford Ecosport 1.5 Diesel Titanium Plus
215,Ford Figo 1.5 Sports Edition MT
161,Ford EcoSport 1.5 TDCi Titanium Plus BE BSIV
225,Ford Figo Aspire 1.5 TDCi Titanium Plus
1432,Toyota Qualis FS B3
710,Mahindra Scorpio VLX 2WD BSIII
323,Honda City i DTec V
330,Honda City i-DTEC VX
1118,Nissan Terrano XE 85 PS
145,Fiat Punto EVO 1.3 Emotion
1385,Toyota Fortuner 2.7 2WD AT
745,Mahindra XUV500 W10 AWD
1223,Tata Indica V2 DLS BSII
656,Mahindra KUV 100 G80 K4 Plus
517,Hyundai Verna CRDi 1.6 AT EX
1247,Tata Indigo CS LS (TDI) BS-III
267,Honda Amaze S Petrol BSIV
489,Hyundai Santro Xing XS eRLX Euro III
456,Hyundai Santro AT
182,Ford Endeavour 2.2 Titanium AT 4X2
87,Chevrolet Spark 1.0 LT BS3
983,Maruti Swift LDI
1289,Tata Nano XM
733,Mahindra Verito 1.5 D6 BSIII
1418,Toyota Innova 2.5 VX (Diesel) 8 Seater BS IV
601,Hyundai i20 Magna 1.4 CRDi
